-- phpMyAdmin SQL Dump
-- version 5.2.1
-- https://www.phpmyadmin.net/
--
-- Host: 127.0.0.1
-- Tempo de geração: 13/12/2024 às 18:52
-- Versão do servidor: 10.4.32-MariaDB
-- Versão do PHP: 8.2.12

SET SQL_MODE = "NO_AUTO_VALUE_ON_ZERO";
START TRANSACTION;
SET time_zone = "+00:00";


/*!40101 SET @OLD_CHARACTER_SET_CLIENT=@@CHARACTER_SET_CLIENT */;
/*!40101 SET @OLD_CHARACTER_SET_RESULTS=@@CHARACTER_SET_RESULTS */;
/*!40101 SET @OLD_COLLATION_CONNECTION=@@COLLATION_CONNECTION */;
/*!40101 SET NAMES utf8mb4 */;

--
-- Banco de dados: `systemlp2`
--
CREATE DATABASE IF NOT EXISTS `systemlp2` DEFAULT CHARACTER SET utf8mb4 COLLATE utf8mb4_general_ci;
USE `systemlp2`;

-- --------------------------------------------------------

--
-- Estrutura para tabela `investimentos`
--

CREATE TABLE `investimentos` (
  `id_investimento` int(11) NOT NULL,
  `id_usuario` int(11) DEFAULT NULL,
  `valor_inicial` decimal(10,2) DEFAULT NULL,
  `incremento` decimal(10,2) DEFAULT NULL,
  `meses` int(11) DEFAULT NULL,
  `valor_final` double DEFAULT NULL
) ENGINE=InnoDB DEFAULT CHARSET=utf8mb4 COLLATE=utf8mb4_general_ci;

--
-- Despejando dados para a tabela `investimentos`
--

INSERT INTO `investimentos` (`id_investimento`, `id_usuario`, `valor_inicial`, `incremento`, `meses`, `valor_final`) VALUES
(42, 13122024, 2500.00, 250.00, 50, 47623.697611063726),
(43, 32165498, 8000.00, -200.00, 35, 1750.9938831724207),
(44, 95195191, 2563.00, 326.00, 44, 31840.637819551917),
(45, 13122024, 2500.00, 500.00, 65, 63729.78408714878),
(46, 98798799, 2800.00, 350.00, 150, 942496.5511964908),
(47, 12312312, 15000.00, 200.00, 65, 64685.396707055785);

-- --------------------------------------------------------

--
-- Estrutura para tabela `usuario`
--

CREATE TABLE `usuario` (
  `id` int(11) NOT NULL,
  `nome` varchar(50) DEFAULT NULL
) ENGINE=InnoDB DEFAULT CHARSET=utf8mb4 COLLATE=utf8mb4_general_ci;

--
-- Despejando dados para a tabela `usuario`
--

INSERT INTO `usuario` (`id`, `nome`) VALUES
(12312312, 'Luis Miguel'),
(13122024, 'José Ricardo'),
(32165498, 'Henrique'),
(95195191, 'Joana'),
(98798799, 'Seguro, vários meses');

-- --------------------------------------------------------

--
-- Estrutura para tabela `variacoes`
--

CREATE TABLE `variacoes` (
  `id_variacoes` int(11) NOT NULL,
  `id_usuario` int(11) NOT NULL,
  `id_investimento` int(11) NOT NULL,
  `meses` int(11) DEFAULT NULL,
  `variacao` double DEFAULT NULL
) ENGINE=InnoDB DEFAULT CHARSET=utf8mb4 COLLATE=utf8mb4_general_ci;

--
-- Despejando dados para a tabela `variacoes`
--

INSERT INTO `variacoes` (`id_variacoes`, `id_usuario`, `id_investimento`, `meses`, `variacao`) VALUES
(654, 13122024, 42, 1, 10.161442911496742),
(655, 13122024, 42, 2, 4.719006292207095),
(656, 13122024, 42, 3, -0.10188261919789054),
(657, 13122024, 42, 4, -3.9960977156251687),
(658, 13122024, 42, 5, -1.4141279412964392),
(659, 13122024, 42, 6, -3.9842228698024673),
(660, 13122024, 42, 7, 1.1979676342253942),
(661, 13122024, 42, 8, 9.518088943405733),
(662, 13122024, 42, 9, 3.4355386503080787),
(663, 13122024, 42, 10, -5.701662528363616),
(664, 13122024, 42, 11, 10.57330112685797),
(665, 13122024, 42, 12, 9.323790751157768),
(666, 13122024, 42, 13, 8.311939218782927),
(667, 13122024, 42, 14, 9.018532647749966),
(668, 13122024, 42, 15, 8.58543485601535),
(669, 13122024, 42, 16, -1.7160476529697988),
(670, 13122024, 42, 17, 10.350973618698367),
(671, 13122024, 42, 18, 9.73922789793904),
(672, 13122024, 42, 19, 5.046403067930028),
(673, 13122024, 42, 20, 5.783195699898203),
(674, 13122024, 42, 21, 7.825038599846046),
(675, 13122024, 42, 22, 2.085517912065926),
(676, 13122024, 42, 23, 4.028086396887565),
(677, 13122024, 42, 24, -0.1665948989125865),
(678, 13122024, 42, 25, 5.258026718735209),
(679, 13122024, 42, 26, -0.9609044437362102),
(680, 13122024, 42, 27, 3.4677138940692354),
(681, 13122024, 42, 28, -5.779562688395901),
(682, 13122024, 42, 29, -5.255901198366986),
(683, 13122024, 42, 30, -0.7113939641885558),
(684, 13122024, 42, 31, 2.9756425580295343),
(685, 13122024, 42, 32, 2.2182594288621793),
(686, 13122024, 42, 33, 9.850529916395123),
(687, 13122024, 42, 34, -2.5398552798752805),
(688, 13122024, 42, 35, 7.109503384067195),
(689, 13122024, 42, 36, 8.726905995972256),
(690, 13122024, 42, 37, 8.611899203363205),
(691, 13122024, 42, 38, -4.899114300026253),
(692, 13122024, 42, 39, 6.4745264063626795),
(693, 13122024, 42, 40, 8.958209506924032),
(694, 13122024, 42, 41, 0.6873356341450476),
(695, 13122024, 42, 42, 10.275153597422037),
(696, 13122024, 42, 43, 3.543038711946944),
(697, 13122024, 42, 44, 5.998350017207565),
(698, 13122024, 42, 45, 6.754490945137404),
(699, 13122024, 42, 46, -0.44391848045227666),
(700, 13122024, 42, 47, 0.05685559468151524),
(701, 13122024, 42, 48, -4.281158764623328),
(702, 13122024, 42, 49, 5.653360539887675),
(703, 13122024, 42, 50, 3.057326364005619),
(704, 32165498, 43, 1, -3.580993480644745),
(705, 32165498, 43, 2, 9.36425517622892),
(706, 32165498, 43, 3, -0.16442332330881548),
(707, 32165498, 43, 4, -2.1529148824047106),
(708, 32165498, 43, 5, 3.4534895406830968),
(709, 32165498, 43, 6, 11.259361755246267),
(710, 32165498, 43, 7, 4.82629126945453),
(711, 32165498, 43, 8, 5.74890463475668),
(712, 32165498, 43, 9, -1.2805217649573541),
(713, 32165498, 43, 10, 3.104012068869433),
(714, 32165498, 43, 11, -5.549616559685299),
(715, 32165498, 43, 12, 5.4226362680863005),
(716, 32165498, 43, 13, -2.299360384051019),
(717, 32165498, 43, 14, 6.108118088897196),
(718, 32165498, 43, 15, 0.2024267070882546),
(719, 32165498, 43, 16, -5.169339014247932),
(720, 32165498, 43, 17, 6.076981912548107),
(721, 32165498, 43, 18, 5.4233105810118865),
(722, 32165498, 43, 19, -4.9262332026714155),
(723, 32165498, 43, 20, -3.290090763938658),
(724, 32165498, 43, 21, 10.976326306224138),
(725, 32165498, 43, 22, 4.242237788826486),
(726, 32165498, 43, 23, -1.8199073640275287),
(727, 32165498, 43, 24, -3.9249502501620515),
(728, 32165498, 43, 25, -2.6992874014564294),
(729, 32165498, 43, 26, -0.27959417667935416),
(730, 32165498, 43, 27, 2.7502892390100175),
(731, 32165498, 43, 28, -2.045162008553991),
(732, 32165498, 43, 29, 3.8532736368820153),
(733, 32165498, 43, 30, -3.6686647814351936),
(734, 32165498, 43, 31, 10.312454692866947),
(735, 32165498, 43, 32, -5.831314156848322),
(736, 32165498, 43, 33, -5.0538305583941785),
(737, 32165498, 43, 34, 0.017777987983236265),
(738, 32165498, 43, 35, -1.4132207477035919),
(739, 95195191, 44, 1, -12.710616539328445),
(740, 95195191, 44, 2, -1.7744663814819983),
(741, 95195191, 44, 3, 15.32509902318524),
(742, 95195191, 44, 4, 19.70746872749651),
(743, 95195191, 44, 5, -13.992555120265958),
(744, 95195191, 44, 6, 12.646288104836234),
(745, 95195191, 44, 7, 11.926909824067277),
(746, 95195191, 44, 8, 12.704216353047325),
(747, 95195191, 44, 9, -1.924746611892747),
(748, 95195191, 44, 10, 6.521185763988835),
(749, 95195191, 44, 11, 11.244184244934651),
(750, 95195191, 44, 12, 7.705190100641968),
(751, 95195191, 44, 13, -5.109656812450069),
(752, 95195191, 44, 14, -0.01706766116745806),
(753, 95195191, 44, 15, -3.294221717817214),
(754, 95195191, 44, 16, -14.005278874548566),
(755, 95195191, 44, 17, 19.149434355179018),
(756, 95195191, 44, 18, 18.019828208372736),
(757, 95195191, 44, 19, -3.2315272751528012),
(758, 95195191, 44, 20, -4.031354345122162),
(759, 95195191, 44, 21, 18.263584154116487),
(760, 95195191, 44, 22, 10.966377494440138),
(761, 95195191, 44, 23, 3.5031062708418492),
(762, 95195191, 44, 24, 1.9232946341067425),
(763, 95195191, 44, 25, -5.031925399353021),
(764, 95195191, 44, 26, 17.985341688457734),
(765, 95195191, 44, 27, 8.393845816483726),
(766, 95195191, 44, 28, -11.01397704345125),
(767, 95195191, 44, 29, 6.471185845705829),
(768, 95195191, 44, 30, 1.9788876844366143),
(769, 95195191, 44, 31, -12.233495673613549),
(770, 95195191, 44, 32, 7.0756149832903015),
(771, 95195191, 44, 33, -7.768867442474658),
(772, 95195191, 44, 34, -9.193082541411247),
(773, 95195191, 44, 35, -8.414921202814895),
(774, 95195191, 44, 36, -7.325528176756347),
(775, 95195191, 44, 37, -1.8982212061480541),
(776, 95195191, 44, 38, -6.212671125247049),
(777, 95195191, 44, 39, -12.914823183930203),
(778, 95195191, 44, 40, 18.244249509226584),
(779, 95195191, 44, 41, -8.85461342562146),
(780, 95195191, 44, 42, -0.7940827661143013),
(781, 95195191, 44, 43, -12.15129234249429),
(782, 95195191, 44, 44, 5.322724925338429),
(783, 13122024, 45, 1, -14.783121981676162),
(784, 13122024, 45, 2, -0.7282953652874236),
(785, 13122024, 45, 3, -2.4820058104433995),
(786, 13122024, 45, 4, 4.136451772195393),
(787, 13122024, 45, 5, -12.672863063134155),
(788, 13122024, 45, 6, 1.3248009988312326),
(789, 13122024, 45, 7, 16.171765180677554),
(790, 13122024, 45, 8, 4.221709256249961),
(791, 13122024, 45, 9, -4.228060566679293),
(792, 13122024, 45, 10, -9.990766410648177),
(793, 13122024, 45, 11, 19.165670480812746),
(794, 13122024, 45, 12, -2.027942802006333),
(795, 13122024, 45, 13, 11.359042087041281),
(796, 13122024, 45, 14, 7.581622573661928),
(797, 13122024, 45, 15, -11.514664698838573),
(798, 13122024, 45, 16, 1.3125257488917796),
(799, 13122024, 45, 17, -5.617852428678494),
(800, 13122024, 45, 18, -4.4030458777480685),
(801, 13122024, 45, 19, 18.6769019263169),
(802, 13122024, 45, 20, -1.5156286484132586),
(803, 13122024, 45, 21, -3.04099742091557),
(804, 13122024, 45, 22, 11.001972254978032),
(805, 13122024, 45, 23, -6.835836859668376),
(806, 13122024, 45, 24, -14.957591880972831),
(807, 13122024, 45, 25, -11.890904199488862),
(808, 13122024, 45, 26, 19.30277859164122),
(809, 13122024, 45, 27, 10.60211766641046),
(810, 13122024, 45, 28, 6.904878784458424),
(811, 13122024, 45, 29, 15.07940209700922),
(812, 13122024, 45, 30, 18.211314976063385),
(813, 13122024, 45, 31, 19.34327982135111),
(814, 13122024, 45, 32, 1.9635992669300162),
(815, 13122024, 45, 33, -5.7735645145490455),
(816, 13122024, 45, 34, -14.51694316602541),
(817, 13122024, 45, 35, -6.404010561824713),
(818, 13122024, 45, 36, -1.3521690132626496),
(819, 13122024, 45, 37, 4.718926113824029),
(820, 13122024, 45, 38, 18.872082090163023),
(821, 13122024, 45, 39, 3.013161087503602),
(822, 13122024, 45, 40, -4.872661939067835),
(823, 13122024, 45, 41, -6.562270753341515),
(824, 13122024, 45, 42, 19.24982042074428),
(825, 13122024, 45, 43, 3.265337313004202),
(826, 13122024, 45, 44, 8.538331208996475),
(827, 13122024, 45, 45, -10.281850890927158),
(828, 13122024, 45, 46, 14.960140325552263),
(829, 13122024, 45, 47, 8.623580984126056),
(830, 13122024, 45, 48, 5.720481387574128),
(831, 13122024, 45, 49, 14.004647375574674),
(832, 13122024, 45, 50, 16.416051213763218),
(833, 13122024, 45, 51, 13.705693468155333),
(834, 13122024, 45, 52, -4.53605755520271),
(835, 13122024, 45, 53, -14.931029152023934),
(836, 13122024, 45, 54, -0.21782602787254746),
(837, 13122024, 45, 55, -14.67660531309316),
(838, 13122024, 45, 56, -7.817703408694888),
(839, 13122024, 45, 57, -8.81996784192911),
(840, 13122024, 45, 58, 17.332238166403013),
(841, 13122024, 45, 59, 16.808560382318415),
(842, 13122024, 45, 60, -12.749397236243777),
(843, 13122024, 45, 61, 11.507438796721248),
(844, 13122024, 45, 62, 4.722241443718955),
(845, 13122024, 45, 63, -8.706725324434906),
(846, 13122024, 45, 64, 16.977191608631603),
(847, 13122024, 45, 65, 0.09036177006065405),
(848, 98798799, 46, 1, -14.946186703836196),
(849, 98798799, 46, 2, -10.732273787228097),
(850, 98798799, 46, 3, -9.050551230254278),
(851, 98798799, 46, 4, 19.310810248562227),
(852, 98798799, 46, 5, 4.167892052451916),
(853, 98798799, 46, 6, 13.511942269606458),
(854, 98798799, 46, 7, 13.057612227735515),
(855, 98798799, 46, 8, 4.8241965512398455),
(856, 98798799, 46, 9, -10.408672422341104),
(857, 98798799, 46, 10, 1.0947310982324598),
(858, 98798799, 46, 11, 1.0794583418635817),
(859, 98798799, 46, 12, -6.895094231731447),
(860, 98798799, 46, 13, 11.451572241643815),
(861, 98798799, 46, 14, 8.800381514403055),
(862, 98798799, 46, 15, 19.14163908012987),
(863, 98798799, 46, 16, -8.174538315493496),
(864, 98798799, 46, 17, 9.9806995495904),
(865, 98798799, 46, 18, 7.3845373951684),
(866, 98798799, 46, 19, 5.239747879598444),
(867, 98798799, 46, 20, 11.846265506991237),
(868, 98798799, 46, 21, 10.040039163760706),
(869, 98798799, 46, 22, 16.292235382873233),
(870, 98798799, 46, 23, 18.799770149819818),
(871, 98798799, 46, 24, 17.253730700173996),
(872, 98798799, 46, 25, 19.08512850063977),
(873, 98798799, 46, 26, 14.743093920190109),
(874, 98798799, 46, 27, 12.62842220886573),
(875, 98798799, 46, 28, 2.388802092229181),
(876, 98798799, 46, 29, -6.857327506381983),
(877, 98798799, 46, 30, -5.75272075873805),
(878, 98798799, 46, 31, 5.755207859735445),
(879, 98798799, 46, 32, -13.135439866685662),
(880, 98798799, 46, 33, -7.91494245189307),
(881, 98798799, 46, 34, -11.724953679719341),
(882, 98798799, 46, 35, 5.461021420595236),
(883, 98798799, 46, 36, 12.183888638427543),
(884, 98798799, 46, 37, -3.891910240600416),
(885, 98798799, 46, 38, -11.8818931124283),
(886, 98798799, 46, 39, -0.013625366171410302),
(887, 98798799, 46, 40, 16.336763089543105),
(888, 98798799, 46, 41, -10.15599505408693),
(889, 98798799, 46, 42, 14.952734754929242),
(890, 98798799, 46, 43, 3.016812586930917),
(891, 98798799, 46, 44, 15.681504812850688),
(892, 98798799, 46, 45, -11.025610143864606),
(893, 98798799, 46, 46, 6.742456991488677),
(894, 98798799, 46, 47, 17.053815276746654),
(895, 98798799, 46, 48, -8.504582897134494),
(896, 98798799, 46, 49, 11.546546612392161),
(897, 98798799, 46, 50, 9.902360407904599),
(898, 98798799, 46, 51, 0.19649898220814865),
(899, 98798799, 46, 52, 6.81749857714864),
(900, 98798799, 46, 53, 7.441942090404652),
(901, 98798799, 46, 54, 9.587476249297877),
(902, 98798799, 46, 55, 14.6826496469318),
(903, 98798799, 46, 56, -7.4004841939014465),
(904, 98798799, 46, 57, 14.596733448319355),
(905, 98798799, 46, 58, -0.9356398476379146),
(906, 98798799, 46, 59, 5.767119329014525),
(907, 98798799, 46, 60, -4.268500037951551),
(908, 98798799, 46, 61, 14.632008303459987),
(909, 98798799, 46, 62, -7.122035359608859),
(910, 98798799, 46, 63, 11.151368809499939),
(911, 98798799, 46, 64, 15.21378440796257),
(912, 98798799, 46, 65, 18.515227146010172),
(913, 98798799, 46, 66, -9.564981607449308),
(914, 98798799, 46, 67, -5.780078284539913),
(915, 98798799, 46, 68, -8.389974029309833),
(916, 98798799, 46, 69, 9.744466453349855),
(917, 98798799, 46, 70, -3.8093840331635653),
(918, 98798799, 46, 71, 18.787737214740318),
(919, 98798799, 46, 72, 18.93419057521517),
(920, 98798799, 46, 73, 8.323444057655749),
(921, 98798799, 46, 74, -5.15364954882317),
(922, 98798799, 46, 75, 13.917003740196531),
(923, 98798799, 46, 76, -7.70071336976409),
(924, 98798799, 46, 77, -1.5220718421287027),
(925, 98798799, 46, 78, -0.15370484894218217),
(926, 98798799, 46, 79, 4.622602694010736),
(927, 98798799, 46, 80, 13.986694444020188),
(928, 98798799, 46, 81, -8.347033427911498),
(929, 98798799, 46, 82, -4.008718428944635),
(930, 98798799, 46, 83, 2.9524771935089955),
(931, 98798799, 46, 84, 10.082246672720885),
(932, 98798799, 46, 85, 8.825532399756941),
(933, 98798799, 46, 86, 7.182382423165334),
(934, 98798799, 46, 87, -5.997620834197736),
(935, 98798799, 46, 88, 9.468748758069445),
(936, 98798799, 46, 89, 12.568524867429698),
(937, 98798799, 46, 90, -6.848837580636902),
(938, 98798799, 46, 91, -7.096030046584223),
(939, 98798799, 46, 92, -3.2355380082639607),
(940, 98798799, 46, 93, -5.390321049577185),
(941, 98798799, 46, 94, 19.53721361677885),
(942, 98798799, 46, 95, -13.289007369375605),
(943, 98798799, 46, 96, 5.753100419989066),
(944, 98798799, 46, 97, 3.842821788099582),
(945, 98798799, 46, 98, 3.832644902354243),
(946, 98798799, 46, 99, -10.59978937264605),
(947, 98798799, 46, 100, -5.036779417269299),
(948, 98798799, 46, 101, 2.8690110945646774),
(949, 98798799, 46, 102, 5.528651659521588),
(950, 98798799, 46, 103, -6.09793135322898),
(951, 98798799, 46, 104, 12.323411494346615),
(952, 98798799, 46, 105, -1.8285205379980018),
(953, 98798799, 46, 106, -7.729048383485804),
(954, 98798799, 46, 107, 17.180509922237896),
(955, 98798799, 46, 108, 11.244528757461648),
(956, 98798799, 46, 109, 9.960901041886782),
(957, 98798799, 46, 110, 9.95881143622832),
(958, 98798799, 46, 111, -12.107859347505713),
(959, 98798799, 46, 112, 11.061236084883008),
(960, 98798799, 46, 113, 2.5663910979468962),
(961, 98798799, 46, 114, 13.506570827891062),
(962, 98798799, 46, 115, -13.928100862623172),
(963, 98798799, 46, 116, -9.497539394287823),
(964, 98798799, 46, 117, -5.007260475629105),
(965, 98798799, 46, 118, -3.5730156758319143),
(966, 98798799, 46, 119, -14.38433250331046),
(967, 98798799, 46, 120, 3.753881815868354),
(968, 98798799, 46, 121, 3.915765706084273),
(969, 98798799, 46, 122, -3.507589433648617),
(970, 98798799, 46, 123, -11.94028605322317),
(971, 98798799, 46, 124, -0.27458302901518516),
(972, 98798799, 46, 125, -12.054701649181665),
(973, 98798799, 46, 126, 6.482774929824364),
(974, 98798799, 46, 127, 5.292630416656685),
(975, 98798799, 46, 128, 11.342693122516412),
(976, 98798799, 46, 129, -12.550868290198858),
(977, 98798799, 46, 130, -1.561563835839641),
(978, 98798799, 46, 131, -0.6225970984534035),
(979, 98798799, 46, 132, 3.0438126956018996),
(980, 98798799, 46, 133, 13.60145568240858),
(981, 98798799, 46, 134, 1.9015018027092712),
(982, 98798799, 46, 135, -5.390501392647473),
(983, 98798799, 46, 136, 6.181278039558569),
(984, 98798799, 46, 137, -1.4044010734802104),
(985, 98798799, 46, 138, -13.649169698190311),
(986, 98798799, 46, 139, 0.29134907970291835),
(987, 98798799, 46, 140, 18.70372875341586),
(988, 98798799, 46, 141, 1.1435582771838648),
(989, 98798799, 46, 142, -9.586127169637349),
(990, 98798799, 46, 143, 12.464347441526268),
(991, 98798799, 46, 144, 12.323219082925995),
(992, 98798799, 46, 145, 7.47364566815969),
(993, 98798799, 46, 146, -4.527298805654989),
(994, 98798799, 46, 147, -5.993525855947324),
(995, 98798799, 46, 148, -12.638939718231512),
(996, 98798799, 46, 149, 18.032705512567016),
(997, 98798799, 46, 150, -6.0280152569204715),
(998, 12312312, 47, 1, -2.012022793308399),
(999, 12312312, 47, 2, -1.9621261115160826),
(1000, 12312312, 47, 3, -11.016424777877987),
(1001, 12312312, 47, 4, 11.25374330752873),
(1002, 12312312, 47, 5, 7.490703473394955),
(1003, 12312312, 47, 6, -9.703789204766245),
(1004, 12312312, 47, 7, 16.634861167214954),
(1005, 12312312, 47, 8, -3.8846273284016464),
(1006, 12312312, 47, 9, 8.539644488444441),
(1007, 12312312, 47, 10, 14.686382073713133),
(1008, 12312312, 47, 11, 4.340769066208372),
(1009, 12312312, 47, 12, -13.670996430648398),
(1010, 12312312, 47, 13, -12.972851987324463),
(1011, 12312312, 47, 14, 13.605803159391394),
(1012, 12312312, 47, 15, -6.553284455390463),
(1013, 12312312, 47, 16, 9.068697161934146),
(1014, 12312312, 47, 17, -10.363985348559835),
(1015, 12312312, 47, 18, 12.499890424401293),
(1016, 12312312, 47, 19, 4.037194068444472),
(1017, 12312312, 47, 20, -14.610937018251457),
(1018, 12312312, 47, 21, -13.772717870361761),
(1019, 12312312, 47, 22, -7.15239870039901),
(1020, 12312312, 47, 23, -14.096291331475896),
(1021, 12312312, 47, 24, 12.829395712137615),
(1022, 12312312, 47, 25, -10.473409248217202),
(1023, 12312312, 47, 26, 9.205988776738149),
(1024, 12312312, 47, 27, 10.519864068310781),
(1025, 12312312, 47, 28, 19.43470530131066),
(1026, 12312312, 47, 29, -13.83431727793396),
(1027, 12312312, 47, 30, -5.782255626722632),
(1028, 12312312, 47, 31, -5.496506793524403),
(1029, 12312312, 47, 32, -1.1626635250081674),
(1030, 12312312, 47, 33, -8.04118927054489),
(1031, 12312312, 47, 34, -11.120750798536495),
(1032, 12312312, 47, 35, 5.197077172355269),
(1033, 12312312, 47, 36, 12.639576892017823),
(1034, 12312312, 47, 37, -10.476641256430453),
(1035, 12312312, 47, 38, 18.916431832182834),
(1036, 12312312, 47, 39, 3.055345253950792),
(1037, 12312312, 47, 40, 0.59056038979306),
(1038, 12312312, 47, 41, 17.989688799507974),
(1039, 12312312, 47, 42, 6.821837538928266),
(1040, 12312312, 47, 43, 18.49277415668482),
(1041, 12312312, 47, 44, -14.040035125994354),
(1042, 12312312, 47, 45, -12.412769845647166),
(1043, 12312312, 47, 46, 7.968563708447496),
(1044, 12312312, 47, 47, 17.71386639355157),
(1045, 12312312, 47, 48, -1.9235629978029412),
(1046, 12312312, 47, 49, 1.3420808946188245),
(1047, 12312312, 47, 50, 3.2353115056031223),
(1048, 12312312, 47, 51, 12.825408872844068),
(1049, 12312312, 47, 52, 16.220339027476328),
(1050, 12312312, 47, 53, 6.975862962281965),
(1051, 12312312, 47, 54, 4.751590426109398),
(1052, 12312312, 47, 55, -3.787421556285142),
(1053, 12312312, 47, 56, 3.938359160934901),
(1054, 12312312, 47, 57, -0.6436647293759812),
(1055, 12312312, 47, 58, 15.70315744087809),
(1056, 12312312, 47, 59, 17.74958541240974),
(1057, 12312312, 47, 60, 15.381702382008754),
(1058, 12312312, 47, 61, -2.4827578680911677),
(1059, 12312312, 47, 62, 14.625113059086337),
(1060, 12312312, 47, 63, -9.089311595453841),
(1061, 12312312, 47, 64, -4.540001100171908),
(1062, 12312312, 47, 65, 15.338132804887984);

--
-- Índices para tabelas despejadas
--

--
-- Índices de tabela `investimentos`
--
ALTER TABLE `investimentos`
  ADD PRIMARY KEY (`id_investimento`),
  ADD KEY `id_usuario` (`id_usuario`);

--
-- Índices de tabela `usuario`
--
ALTER TABLE `usuario`
  ADD PRIMARY KEY (`id`);

--
-- Índices de tabela `variacoes`
--
ALTER TABLE `variacoes`
  ADD PRIMARY KEY (`id_variacoes`),
  ADD KEY `variacoes_ibfk_1` (`id_usuario`),
  ADD KEY `variacoes_ibfk_2` (`id_investimento`);

--
-- AUTO_INCREMENT para tabelas despejadas
--

--
-- AUTO_INCREMENT de tabela `investimentos`
--
ALTER TABLE `investimentos`
  MODIFY `id_investimento` int(11) NOT NULL AUTO_INCREMENT, AUTO_INCREMENT=48;

--
-- AUTO_INCREMENT de tabela `variacoes`
--
ALTER TABLE `variacoes`
  MODIFY `id_variacoes` int(11) NOT NULL AUTO_INCREMENT, AUTO_INCREMENT=1063;

--
-- Restrições para tabelas despejadas
--

--
-- Restrições para tabelas `investimentos`
--
ALTER TABLE `investimentos`
  ADD CONSTRAINT `investimentos_ibfk_1` FOREIGN KEY (`id_usuario`) REFERENCES `usuario` (`id`) ON DELETE CASCADE ON UPDATE CASCADE;

--
-- Restrições para tabelas `variacoes`
--
ALTER TABLE `variacoes`
  ADD CONSTRAINT `variacoes_ibfk_1` FOREIGN KEY (`id_usuario`) REFERENCES `usuario` (`id`) ON DELETE CASCADE ON UPDATE CASCADE,
  ADD CONSTRAINT `variacoes_ibfk_2` FOREIGN KEY (`id_investimento`) REFERENCES `investimentos` (`id_investimento`) ON DELETE CASCADE ON UPDATE CASCADE;
COMMIT;

/*!40101 SET CHARACTER_SET_CLIENT=@OLD_CHARACTER_SET_CLIENT */;
/*!40101 SET CHARACTER_SET_RESULTS=@OLD_CHARACTER_SET_RESULTS */;
/*!40101 SET COLLATION_CONNECTION=@OLD_COLLATION_CONNECTION */;
